,title,score,body,id,comment-id,url,num_comments,created,subreddit
0,The problem of analogical predication and the threat of Christian atheism,1,"So I have noticed a problem as of late.   


Most major old churches, catholic, reformed, Lutheran etc. affirm a doctrine called analogical predication, which denies univocal predication   


This means words that literally apply to God and creatures don't assert the same facts.   


For example   


""God knows Herod killed children "" means something other than ""God knows(1) Herod killed children""   


knows(1) is the creaturely usage of the word, it attributes the property of knowledge to God.   


The assertion ""God knows(1) Herod killed children"" would mean the speaker is denying divine simplicity since knows(1) is a property distinct from the property holder .  


The only things that can have the property of knowledge(1) are ontologically complex.   


So here is the problem, atheism is defined as the denial that ""Gods"" exist.  


""Gods"" is a word that means something.   


Gods in the sense of atheism are minds(1), meaning the word mind is used in the same sense you would apply a mind to President Trump.   


Atheism doesn't comment on the existence of non-univocal ""divine minds"", in fact it saying God doesnt have mind(1) essentially just concedes to the atheist the very position he desires.   


Moreover there is worse problem.   


if God doesn't have ""properties(1)"" then he must have something else.   


However you cannot just leave it at ""something else""   


If all you can say is God has some unknown thing called ""all knowledge, all loving etc"" then you don't actually know what a God is.   


Essentially the words ""all knowing, all loving, etc."" function now as placeholders for some idea.   


Just like ""God is X,Y,Z""  


X,Y, and Z are place holders for content not content themselves.   


If one cannot actually place anything in those slots then the sentence ""God is X,Y,Z"" is meaningless.   


Its not apparent any intelligible response someone who denies univocal predicates could put in those slots.   


This creates a dilemma  


If we say God doesn't have univocal properties the atheist isnt defeated  


If we say God has nonunivocal properties but can't identify what they are the word God is undefined.   


I post this because until recently I thought the theistic personalist definition of God was new.   


However upon beginning to read old school atheist literature and theist literature that interacted with atheism it has become apparent that what i posted above is a long standing atheist complaint.   


Baron d'Holbach  8 December 1723 ‚Äì 21 January 178  (atheist)  argued the above.   


 [Anthony Collins (philosopher)](https://en.wikipedia.org/wiki/Anthony_Collins_(philosopher)) (1676‚Äì1729) (deist) argued the above  


 **George Berkeley** (12 March 1685¬†‚Äì 14 January 1753)  (Christian, Anglican) wrote a book where he had a mouth piece character for himself debate a hypothetical atheist arguing the above   


It has therefore become apparent that apologetics mostly consists of two sorts  


Theistic personalists arguing correctly that if there position is true atheism is false   


Classical theists arguing incorrectly that if there right atheism is false.",tuvf45,,https://www.reddit.com/r/Reformed/comments/tuvf45/the_problem_of_analogical_predication_and_the/,0.0,1648939493.0,Reformed
1,soChristian Love Over 50+?,4,"This is a very interesting question I have and I'm posting it here because it has to do with dating/courting as an older believer. So backstory is my father passed away October 2020. He passed just a month shy of my parent's 26th wedding anniversary. Both were strong believers and raised me and my brother in the Godly path. My dad sadly was a struggling alcoholic who relapsed many, many times throughout their life together. Despite his many failings and shortcomings I know that he truly tried his very best to love us as a family. 

Now that he has since passed I have wondered if one day my mother will end up remarrying. I to be 100% honest would LOVE that. My mother is truly a superhero in my eyes and she deserves to find love again and be happy. I decided to speak about it casually with her a couple weeks ago and she pretty much said that she doesn't want to be with anyone again. However knowing my mom I could read in between the lines. We are all still grieving and she has a long way to go in being healed from MUCH pain, and grief that my father caused her. But regardless I still could tell that she may want to try again in the future but she's scared and has her guard up. 

So my question is this. Does anyone know of any older Christians (be they family or friends) that have found love and gotten married again after death of a spouse? Is there anyone who is that person who God blessed them with a wonderful partner? Would love to hear about it. Thank you üòä",tuu87d,,https://www.reddit.com/r/Reformed/comments/tuu87d/sochristian_love_over_50/,1.0,1648936210.0,Reformed
2,"Help me put this at 1031,200 on r/place",37,,tur3zw,,https://i.redd.it/lps08blp36r81.jpg,7.0,1648927898.0,Reformed
3,Will we EVER see God's face?,3,"  
We're all looking forward to seeing Jesus, but what about the Father? 

I'm certain we'll never be disappointed in eternity with whatever God grants... but I struggle to see myself ever ""sitting on dad's lap"".   
The clearest scripture to me is Paul saying...  
*Timothy 6:16ESV ‚ñ∫who alone has immortality, who dwells in unapproachable light, whom no one has ever seen or can see. To him be honor and eternal dominion. Amen.*  


Is ""can see"" both present and future tense?  
I think language rules say so. The NLT translators think so.  
*He alone can never die, and he lives in light so brilliant that no human can approach him. No human eye has ever seen him, nor ever will. All honor and power to him forever! Amen. Timothy 6:16NLT*  


Obviously, this isn't the only scripture on the topic. How do you understand this?",tun503,,https://www.reddit.com/r/Reformed/comments/tun503/will_we_ever_see_gods_face/,21.0,1648917708.0,Reformed
4,Prayer Thread (2022-04-02),5,"If you have requests that you would like your brothers and sisters to pray for, post them here.",tuibxn,,https://www.reddit.com/r/Reformed/comments/tuibxn/prayer_thread_20220402/,0.0,1648904410.0,Reformed
5,From Eastern Orthodox Priest to Protestant Pastor: Interview with Rev. Matthew Joyner,12,,tui93m,,https://youtu.be/cXom3oB2M8o,2.0,1648904159.0,Reformed
6,"If r/Reformed were to actually partner with some org, what would be the least controversial?",24,(Note that we will never partner with anyone officially nor ever take a sponsorship so long as I'm a mod here. I think others feel the same),tui4xt,,https://www.reddit.com/r/Reformed/comments/tui4xt/if_rreformed_were_to_actually_partner_with_some/,57.0,1648903771.0,Reformed
7,"Important Update: After Negative Feedback, We Will No Longer Be Sponsored By TGC",78,"Thanks for a great April Fools Day! 

https://reddit.com/link/tu93ou/video/8heb32ps81r81/player

Guys, we had a blast with y‚Äôall today. Most of our regular sub users quickly picked up on the joke and played along well. For those of you still wondering, *yes, this was a joke.* (And for those of you who were genuinely upset with us for having a little fun on April fools Day, go home and relax. It‚Äôs the weekend. It‚Äôll be okay.)

I want to give a special thanks to u/BishopOfReddit, u/partypastor, u/friardon, u/terevos2, u/CiroFlexo, u/JCmathetes, and u/superlewis. These guys in particular worked incredibly hard to pull this all together.

It‚Äôs probably going to take us a few hours (or days?) to put the sub back in order. So, please be patient with us while get everything back in place.

And, finally, thank you to The Gospel Coalition for existing and providing us with so much content for today‚Äôs festivities.",tu93ou,,https://www.reddit.com/r/Reformed/comments/tu93ou/important_update_after_negative_feedback_we_will/,95.0,1648869309.0,Reformed
8,The great thing about TGC is there is never a subject they miss.,3,,tu7g7d,,https://www.thegospelcoalition.org/article/adoptive-family-identity/,2.0,1648864115.0,Reformed
9,The Prince of Paradox on Funk and Friendship,2,,tu6ius,,https://www.thegospelcoalition.org/article/chesterton-funk-friendship/,0.0,1648861212.0,Reformed
10,The Best Parenting Decision I Ever Made,4,,tu5cqq,,https://www.thegospelcoalition.org/article/best-parenting-decision/,0.0,1648857613.0,Reformed
11,"Let‚Äôs Talk: Your Questions, Answered! - The Gospel Coalition",3,,tu4qmb,,https://www.thegospelcoalition.org/podcasts/lets-talk-podcast/your-questions-answered/,0.0,1648855809.0,Reformed
12,Finding Hope in a Season of Longing,3,,tu43uu,,https://www.thegospelcoalition.org/article/finding-hope-season-longing/,0.0,1648854012.0,Reformed
13,A Pauline Principle to Help You Avoid Reactive Theology,3,,tu3ggc,,https://www.thegospelcoalition.org/article/pauline-principle-avoid-reactive-theology/,0.0,1648852210.0,Reformed
14,When Shame Remains After Divorce,4,,tu2s76,,https://www.thegospelcoalition.org/article/shame-divorce/,0.0,1648850413.0,Reformed
15,"I was Lutheran, considering Reformed, now fully Gospel Coalitionian",42,"I‚Äôm so glad my eyes have been opened by this new partnership. 

I‚Äôll make sure 3/9 talking points are republicans, I mean totally not contruded Biblical references. 

Im in the cage staged coalition now but looking at the ban, mod-staged after I can up my subscription tier.",tu2lx9,,https://www.reddit.com/r/Reformed/comments/tu2lx9/i_was_lutheran_considering_reformed_now_fully/,3.0,1648849971.0,Reformed
16,9 Things You Should Know About Supreme Court Nominee Ketanji Brown Jackson,3,,tu23h7,,https://www.thegospelcoalition.org/article/9-things-ketanji-brown-jackson/,0.0,1648848611.0,Reformed
17,2 Years In: COVID Reflections from the United Kingdom,2,,tu1edp,,https://www.thegospelcoalition.org/article/2-years-covid-united-kingdom/,0.0,1648846814.0,Reformed
18,Social Media Fosters Distrust in Institutions. But We Can‚Äôt Live Without Them.,2,,tu0x48,,https://www.thegospelcoalition.org/article/social-media-distrust-institutions/,0.0,1648845610.0,Reformed
19,The Gospel Coalition Podcast: Why Is It So Hard to Talk About Race?,2,,tu0gi5,,https://www.thegospelcoalition.org/podcasts/tgc-podcast/why-hard-to-talk-race/,5.0,1648844410.0,Reformed
20,,2,"In the summer before COVID, I had the privilege of presiding at the marriage of a couple each in their 80s. They had both been widowed after each being married for 50+ years. Neither said goodbye to their first spouse thinking they would find love again. Both were surprised and overjoyed to plan a wedding and a honeymoon again‚Äîthey were like newlyweds!

It does happen, OP. I pray that God gives your mother what she needs when she needs it.",tuu87d,i35pujc,,,1648938118.0,Reformed
21,,4,"1031,200 being the top left i assume?",tur3zw,i35c8i8,,,1648931631.0,Reformed
22,,5,"This would be epic, but TBH, a bit too ambitious. Need something like 20x20 or something, at most",tur3zw,i35h0rl,,,1648933884.0,Reformed
23,,1,I enjoy this whole place thing a lot more than I understand it haha. But this is cool. The poor Canadian flag was not doing well the last time I saw.,tur3zw,i35i9h8,,,1648934477.0,Reformed
24,,1,"1016,224 is the bottom left of the N with each letter being 4 high and 3 wide. Let‚Äôs all start with just the words nailed it. I feel like non reformed folks could get into that.",tur3zw,i35i4te,,,1648934416.0,Reformed
25,,1,"With each letter being 3 pixels wide except I it‚Äôs a little over 20 pixels wide let‚Äôs start with nailed it at 1016,224",tur3zw,i35i9a7,,,1648934475.0,Reformed
26,,2,"Place your pixel write out nailed it at 1016,224",tur3zw,i35jjra,,,1648935088.0,Reformed
27,,10,"The most astounding, wonderful, ecstatic thing we have to look forward to is experiencing the fullness of God by seeing the Father's face directly. This only happens in the new heaven and earth, in our fully regenerated bodies, with our fully purified and perfected selves. This is what it means to be completely ""in Christ"" at that time--we inherit the rights of *sons* of God, to see the face of our Father smile upon us.

**Matthew 5:8**

>Blessed are the pure in heart, for they shall see God.

**Revelation 22:3-5**

>No longer will there be anything accursed, but the throne of God and of the Lamb will be in it, and his servants will worship him. ^(4) *They will see his face*, and his name will be on their foreheads. ^(5) And night will be no more. They will need no light of lamp or sun, for the Lord God will be their light, and they will reign forever and ever.",tun503,i34jgou,,,1648918272.0,Reformed
28,,5,"Important text:

>their angels in heaven always see the face of my Father in heaven (Matthew 18:10)

This has gotten different interpretations throughout church history. Surely the Father is not incarnate and so does not have a literal human face? And do angels see with literal eyes? Does this mean a blessed intellectual apprehension of who God is? Other interpretations insist our physical eyes will be miraculously enabled to see God - though maybe as light, not as a human figure. 

I get real nervous here about endorsing a solution because it seems easy to slip into doctrine of God heresy. I certainly don't think the Father has a body, and I also worry about saying that we can perceive God's essence, which should be impossible for a creature. But then, ""We will see him as he is"" (1 John 3:2) is quite a strong statement! Hard to know what that means, but maybe that is the point? We will know what it means when we get there! It will be higher than any experience of God we have had here.

Revelation seems to juxtapose God and Jesus in complicated ways. At one point, it says that the glory of God will be the light, but the Lamb will be the lamp (Rev. 21:23). I take this to mean that the risen body of Christ will still be the focal point of the vision of God. But Christ will be fully visibly glorified in a way he wasn't here on earth, except maybe at the transfiguration. When we look at Jesus, we will be able to see God in a way that his disciples couldn't when he was on earth, and that we can't even now after his resurrection by faith.",tun503,i34pirh,,,1648920859.0,Reformed
29,,1,"Kind of an interesting question in that I wonder if in God's ""natural state"" he even has a face in the traditional sense.

I'm sure he could appear with one for the sake of our minds not being able to understand him otherwise, but God is so much beyond a personified 'figure' I think (in the way that we think about things). Perhaps both a figure and an 'essence,' or like personified physical poetry in a way.",tun503,i34nvkz,,,1648920159.0,Reformed
30,,1,"In Jesus, yes. Jesus is the ""visible God"".",tun503,i35pwnu,,,1648938147.0,Reformed
31,,4,">Revelation 22:3-5  
>  
>No longer will there be anything accursed, but the throne of God and of the Lamb will be in it, and his servants will worship him. 4 They will see his face, and his name will be on their foreheads...

What ""name"" will be on our foreheads? I think it's Jesus's name - thus Jesus's face we're seeing here. In no way will this be a let down. Whatever revelation of himself God grants will be overwhelming to us. 

Still wondering if there's anything conclusive in Scripture as to what our experience with the Father (or the Holy Spirit) will be?",tun503,i34lirp,,,1648919153.0,Reformed
32,,1,"Thanks, 

that's helpful information",tun503,i34tyhu,,,1648922791.0,Reformed
33,,1,"I understand from scripture (and the Westminster confession) that God is a spirit and therefore without a body...

But because the Father is a spirit - does that somehow limit him from taking a form if he so chooses.

Angels are spirits and we certainly don't struggle seeing them in a certain form.

*‚óÑ Hebrews 1:14 ‚ñ∫Are not all angels ministering spirits sent to serve those who will inherit salvation?*

Obviously angels are created beings just like we are, but the point still stands. Just because God is a spirit certainly wouldn't hinder him from taking whatever form he chose. And if he desired for us to see his face... we'd see his face.

The real question is how ""personal"" will we be in eternity with God the Father. I've heard people say they will sit in their Father's lap. I agree that I will experience that comfort - just not so certain it'll be literal.",tun503,i34oskv,,,1648920548.0,Reformed
34,,1,"Yeah, in keeping with Classical theism, God‚Äôs ‚Äúhaving a face‚Äù would be anthropomorphic and analogical, as is also codified in the reformed confessions;

* [WCF 2:1]
* [BCF 1]

That doesn‚Äôt mean we can‚Äôt speak of ‚Äúseeing God‚Äôs face‚Äù literally, it means that we can‚Äôt speak of it univocally.",tun503,i34p2hx,,,1648920667.0,Reformed
35,,2,"The context is the throne of ‚ÄúGod and of the Lamb‚Äù, meaning God in this case refers to the Father. We will already see the Son‚Äôs face when He descends to collect us and that sight itself isn‚Äôt highlighted the same way as this one is. So I think Scripture is saying that we will see the Father‚Äôs face. After all, the great point of our salvation is union with Christ and the privileges that come with becoming sons of God. Further details are full of mystery though. There is much we just have to discover in person!

This is certainly a topic worthy of study and meditation! What are your other sources saying? Have you checked with commentaries, sermons, or books on the subject?",tun503,i34n8pv,,,1648919892.0,Reformed
36,,1,"Yeah, sitting on God's lap feels weird to me, but maybe that's because as an adult man imagining myself sitting on another adult man's lap feels weird, and that's kind of how God is personified in mind to some extent.",tun503,i34p6yi,,,1648920720.0,Reformed
37,,2,"
**Belgic Confession of Faith**

>**Article 1: The Only God**

>We all believe in our hearts and confess with our mouths that there is a single and simple spiritual being, whom we call God‚Äî eternal, incomprehensible, invisible, unchangeable, infinite, almighty; completely wise, just, and good, and the overflowing source of all good.

**Westminster Confession of Faith**

>**Chapter II. Of God, and of the Holy Trinity**

>**1.** There is but one only living and true God, who is infinite in being and perfection, a most pure spirit, invisible, without body, parts, or passions, immutable, immense, eternal, incomprehensible, almighty, most wise, most holy, most free, most absolute, working all things according to the counsel of his own immutable and most righteous will, for his own glory, most loving, gracious, merciful, long-suffering, abundant in goodness and truth, forgiving iniquity, transgression, and sin; the rewarder of them that diligently seek him; and withal most just and terrible in his judgments; hating all sin; and who will by no means clear the guilty.


***
 [^(Code: v18.9)](https://github.com/Nokeo08/standardsbot) ^| [^(Contact Dev)](/message/compose/?to=nokeo08) ^| [^(Usage)](https://github.com/Nokeo08/standardsbot/blob/master/README.md) ^| [^(Changelog)](https://github.com/Nokeo08/standardsbot/blob/master/docs/CHANGELOG.md) ^| [^(Find a problem? Submit an issue.)](https://github.com/Nokeo08/standardsbot/issues)",tun503,i34p3jd,,,1648920679.0,Reformed
38,,2,"When the confessors say God is *""invisible, without body, parts, or passions, immutable, immense, eternal, incomprehensible,...""* does that limit him or us from experiencing him intimately?  Does him being a Spirit preclude a hug? 

I don't see Angels having abilities the Father lacks. 

I guess my reason for not seeing an ""intimate"" moment with the Father lies in the fact that he never changes - thus he's ALWAYS beyond our grasp. ALWAYS dwelling in unapproachable light. 

Maybe I'm underestimating Christ's imputed righteousness, but I don't see my ""perfection"" in eternity as elevating me into that nuclear core. Or can he shut the glory ""reactor"" down and bring me in for a hug?",tun503,i34t5de,,,1648922431.0,Reformed
39,,3,"I have checked and there seems to be no reformed consensus. The majority lean towards; If you've seen Jesus, you've seen the father.",tun503,i34phmk,,,1648920845.0,Reformed
40,,2,">Does that limit him or us from experiencing him intimately?

It both *precludes* relating in an intimate fashion **in the same way** that we do with other created beings, and  *provides* an intimacy unlike any other with the fountain of creation who is himself *being* - especially through our adoptive union with Christ and our partaking of the divine nature in 2 Peter 1:4

>Does him being a spirit preclude a hug?

Univocally, yes. Analogically, no.

>I guess my reason for not seeing an ""intimate"" moment
with the Father lies in the fact that he never changes
thus he's ALWAYS beyond our grasp. ALWAYS dwelling
in unapproachable light.

I think you‚Äôre asking the right questions, but you‚Äôre in the ‚Äúhard outer shell‚Äù part of a sweet candy, if I can put it that way. 

I‚Äôd recommend Dolezal‚Äôs *All That is in God* to help flesh out the scriptural basis of these questions. It‚Äôs not an immensely pastoral work, but it gets the doctrine organized correctly so that you can proceed to the more tender and intimate realities that are further down the path!",tun503,i34uqrb,,,1648923147.0,Reformed
41,,2,"Well that is the key. But I think the distinction is that when we finally enter into the city of God, we will experience the Trinity (in Christ) completely, seeing God with no obstruction, nothing hidden. I haven‚Äôt done a full study yet, but here are some additional Scripture and resources I‚Äôve found.

It appears that our foreheads will bear the names of both the Lamb and the Father:

**Revelation 14:1**

>Then I looked, and behold, on Mount Zion stood the Lamb, and with him 144,000 who had his name and his Father's name written on their foreheads.

Furthermore, we have this promise of ‚Äúseeing face-to-face‚Äù in a way that was not previously possible; the apostles of course had already seen Jesus face-to-face, and all believers will see Him when He descends from heaven. So there is a further ‚Äúface-to-face‚Äù vision beyond that.

**1 Corinthians 13:12**

>For now we see in a mirror dimly, but then face to face. Now I know in part; then I shall know fully, even as I have been fully known.

For my quick, go-to commentaries, Jamieson, Fausset, and Brown believe Rev. 22:4 is only about seeing the Father in Jesus, not directly, while the ESV Study Bible emphasizes the totality of God that will be seen. Other older commentaries in the Reformed tradition, that I can access free online, also leave it as ‚Äúseeing God‚Äù rather than differentiating between the Son and the Father. Frustratingly, the Reformation Study Bible skips this verse! Ligonier and DesiringGod also talk about seeing God through Christ.

And that‚Äôs ultimately the key thing. We may get hung up on our conceptions of ‚Äúseeing.‚Äù I think the point of Scripture is that because of Christ and in Christ, nothing of the Father will be hidden from us. The Father will not have a physical body, but we will still be experiencing Him fully. In Christ...but not as though Christ were a veil between us and the Father to hide some of the Father from us. Maybe I‚Äôll understand this all better later. But I‚Äôm confident we will be in complete fellowship with the Trinity because of our union with Christ, and that ‚Äúseeing God‚Äù will be glorious and happy!",tun503,i353e8y,,,1648927381.0,Reformed
42,,1,"somehow my feelings of God eternally in ""unapproachable light"" don't create ""unapproachability"".  

I feel warmth and intimacy, maybe even a hug - but the awe (and fear) is never far away.  I'm certain that intimacy will be multiplied a million times over; but that still doesn't land me in his lap.",tun503,i3500su,,,1648925663.0,Reformed
43,,1,">Does him being a spirit preclude a hug?  
>  
>Univocally, yes. Analogically, no.

Is it your understanding that the Father CANNOT assume a form (even a physical form) that we could physically feel a hug from? 

*(please ignore the million directions that could go; and pretend I'm a 7 year old)* 

I want to say ""God can do anything"". But I've never thought about the implications of that. In his fullness I guess that's an easy question. If the universe can't contain him - how could 1 physical body.",tun503,i351it2,,,1648926423.0,Reformed
44,,2,"He ‚Äúcannot‚Äù in the same way that he ‚Äúcannot‚Äù change, die, sin, etc. - it‚Äôs not a limit on his omnipotence to say that he is unable to do those things, since they are incongruent with his nature. You may need a more robust understanding of what is normally meant by ‚Äúomnipotence‚Äù than you are currently operating with, in other words.

Now, I have no problem saying you could hug Jesus in his human nature - but whether the Father could ‚Äúassume‚Äù a human nature the way Christ did? - that‚Äôs a trickier question. I see two paths one could take:

1. ‚ÄúNo‚Äù, because ‚Äúincarnation‚Äù is intrinsically tied to the ‚Äúof-ness‚Äù of the son within the opera ad extra of the Trinity

2. ‚ÄúKind of‚Äù - since Jesus is of one essence with the father, he is ‚Äúpresent‚Äù in the incarnation, just not in the same way the father is (the topic is called the ‚Äúinseparable operations of the Trinity, and is more complicated than a Reddit comment is built for)",tun503,i352rdu,,,1648927055.0,Reformed
45,,2,"Thanks,
Helpful words. 
When Jesus said  ""...angels always see the face of my father who is in heaven"" mt 18.10 do you suggest this means ""in his presence""?

An interesting point on this scripture is Jesus had just been referring to a little child and now he is referring to these angels as ""their angels"".
If these angels are somehow assigned to a child I'd think his job was on earth. Probably it is, which makes the phrase they always see my fathers face even less of a shew-in that created beings are seeing God.",tun503,i35hij4,,,1648934121.0,Reformed
46,,2,"Yeah, ‚Äúin his presence‚Äù is a good way to think of it, most likely

Really, the whole issue is finding out a way to speak about God in the way the whole of scripture does, without any of it being untrue. It can get complicated, but its possible.",tun503,i35hu3b,,,1648934275.0,Reformed
47,,1,"Amen

It is a challenge to put a consuming fire and one who loves me with perfect love in the same place.",tun503,i35qsoy,,,1648938577.0,Reformed
48,,1,Which is the before and after pic?,tui93m,i35cy8m,,,1648931964.0,Reformed
49,,1,He looked a lot happier and friendlier in the cassock. The other pic makes him look like Mark Driscoll.,tui93m,i35idxc,,,1648934536.0,Reformed
50,,58,We become a Relient K fan sub.,tui4xt,i33tkif,,,1648906150.0,Reformed
51,,33,"* Squarespace
* ExpressVPN
* Raycon
* HelloFresh

Trust me, 90% of us are very used to ignoring these brands‚Äô presence and acknowledging that while their products are probably fine, they mainly exist to provide a living to various content creators in the post-adpocalypse world",tui4xt,i33zar7,,,1648909077.0,Reformed
52,,25,"Maybe I've just missed them, but I haven't seen arguments about Ligonier on here when their stuff gets posted.",tui4xt,i33xb2k,,,1648908089.0,Reformed
53,,16,"As a non-fan, I'd guess Costco could have a very broad appeal.

In a noncommercial vein, how about /r/reformedhumour ?",tui4xt,i33xinm,,,1648908192.0,Reformed
54,,15,I'm honestly having a hard time coming up with something. We're a pretty diverse group and I really like that aspect of this sub.,tui4xt,i33pgvf,,,1648903816.0,Reformed
55,,16,"Bro, we would all take that Crossway money. Don‚Äôt lie.",tui4xt,i345r51,,,1648912130.0,Reformed
56,,12,Raid Shadow Legends,tui4xt,i345ms8,,,1648912074.0,Reformed
57,,35,"Maybe if RC Sproul was still around. Everyone loved him, right?",tui4xt,i33q7mm,,,1648904261.0,Reformed
58,,6,Ligonier perhaps?,tui4xt,i34qhw1,,,1648921276.0,Reformed
59,,16,"[Chemical, Refining, and Terminal Services](http://www.crt-usa.com/)",tui4xt,i33tayk,,,1648906007.0,Reformed
60,,24,"

Reddit


I mean, seriously, we partner with one of the greatest purveyors of pornography in the world.

Seriously. 

We could partner with the Mormon Tabernacle choir and it would be less controversial than that.",tui4xt,i34266l,,,1648910457.0,Reformed
61,,5,"https://thereformationwoodshop.com/

Random woodworking guy? Surely everyone can be happy with woodworking?",tui4xt,i34mcof,,,1648919509.0,Reformed
62,,5,Ligonier,tui4xt,i34mtro,,,1648919713.0,Reformed
63,,12,Anheuser-Busch,tui4xt,i33uoxn,,,1648906749.0,Reformed
64,,13,">(Note that we will never partner with anyone officially nor ever take a sponsorship so long as I'm a mod here. I think others feel the same)

Good because that would cause me to stumble for the whole day",tui4xt,i33x030,,,1648907938.0,Reformed
65,,7,"I mean, I think we all expect me to say Radical or the Joshua Project",tui4xt,i33pkdx,,,1648903877.0,Reformed
66,,2,Warhorn Media,tui4xt,i35a9eg,,,1648930702.0,Reformed
67,,2,Banner of Truth seems like a viable choice.,tui4xt,i35ai78,,,1648930818.0,Reformed
68,,2,International bible society,tui4xt,i35d7ln,,,1648932088.0,Reformed
69,,4,"Canon Press.

...

what?",tui4xt,i34rfge,,,1648921684.0,Reformed
70,,1,"If they ever get the band back together, [the Reformed Pubcast](http://reformedpubcast.com/) would be neat. Les & Tanner are solid guys.",tui4xt,i33trn4,,,1648906257.0,Reformed
71,,-3,Maybe Wretched with Todd Friel?,tui4xt,i33zxux,,,1648909390.0,Reformed
72,,-8,John Macarthur,tui4xt,i343seq,,,1648911219.0,Reformed
73,,-4,"Honestly, the only group that would accept us would be a liberal Christian group that would call themselves as ""conservative."" Their requirements might be:

1. Trinity

2. Fallen man

3. Inerrancy

That might be it. Any organization that holds to these absolute minimum standard.",tui4xt,i345s57,,,1648912142.0,Reformed
74,,6,"We could get jerseys, cause we'd make a good team",tui4xt,i33yt8w,,,1648908837.0,Reformed
75,,23,Gotta be switchfoot,tui4xt,i33uf6u,,,1648906606.0,Reformed
76,,12,"Hey guys I‚Äôm gonna take a quick second to thank the sponsor of this thread. I know we‚Äôre all really hungry for God‚Äôs word, but sometimes we have to feed our bodies as well. That‚Äôs why I use HelloFresh‚Ä¶",tui4xt,i34f6nh,,,1648916425.0,Reformed
77,,6,ExpressVPN is excellent and I‚Äôm a big proponent of them. I don‚Äôt use them rn bc I live in the US but when I was in Asia I was an avid user,tui4xt,i3420cj,,,1648910381.0,Reformed
78,,4,At least it's not RAID: Shadow Legends,tui4xt,i34zcy7,,,1648925342.0,Reformed
79,,3,"That‚Äôs hilarious, because those are all ads I hear daily. Just add in brilliant, curiosity, and liberty mutual and that covers about all of them.",tui4xt,i358ipx,,,1648929874.0,Reformed
80,,13,"Ligonier tends to avoid that by being very confessional/conservative/whatever-you-want-to-call-it which helps it avoid the ‚Äúeverything is liberal Marxism crowd,‚Äù but as far as I can tell they stick they nose into far less topics that are more cultural which protects them on the other side as well.

I don‚Äôt think there‚Äôs anything wrong with that, it‚Äôs not the purpose of their ministry and I think it‚Äôs bad for every org to think they need to have a take on every single thing, all the time.

Also, guys like Ligon Duncan can ‚Äúsurvive‚Äù saying stuff like the confederate flag is racist because their bonafides with the hardcore conservative crowd are so assured, calling them marxists will get you laughed out of the building by the guys who unironically question Keller‚Äôs commitment to Christ.",tui4xt,i3472ma,,,1648912730.0,Reformed
81,,2,True,tui4xt,i34jkxf,,,1648918322.0,Reformed
82,,1,username checks out,tui4xt,i34zfhj,,,1648925376.0,Reformed
83,,21,You're right. That wouldn't be controversial at all. It'd just be universally condemned as bad beer.,tui4xt,i33xkpz,,,1648908221.0,Reformed
84,,9,"Micro, or you're an imperialist capitalist monster. ;)",tui4xt,i33xbdz,,,1648908093.0,Reformed
85,,2,Are you kidding? There are definitely people who are anti-alcohol here lol,tui4xt,i35d7u4,,,1648932091.0,Reformed
86,,3,Favorite response,tui4xt,i35d8qt,,,1648932103.0,Reformed
87,,3,You trying to start a war?,tui4xt,i350zyp,,,1648926160.0,Reformed
88,,20,Oh boy. Here comes the Relient K vs. Switchfoot wars.,tui4xt,i33uohc,,,1648906742.0,Reformed
89,,1,">But he said, ‚ÄúBlessed rather are those who hear the word of God and keep it!‚Äù

And you know how YOU can hear the word without the hassle of annoying cords, at a price that is a fraction of other premium headphone brands? Well, let me tell you about the sponsor of this comment - RAYCON",tui4xt,i34sbu9,,,1648922076.0,Reformed
90,,5,"Yeah, they‚Äôre great for missions work in far-flung places

I am always heartened to know that Adoniram Judson could regularly stream the latest episode of *The Real Housewives of Middlesex County, MA* in his downtime!",tui4xt,i342v0t,,,1648910782.0,Reformed
91,,3,">We all know the gates of hell will not prevail against the Church, but we need YOUR help to ensure Teleria prevails against the Dark Lord Siroth - download now using code ‚ÄúREFORMED‚Äù and you‚Äôll get your first 200 indulgences ABSOLUTELY FREE",tui4xt,i34zu08,,,1648925571.0,Reformed
92,,3,Agreed. My thought was Ligonier would be the least controversial.,tui4xt,i34i6gn,,,1648917731.0,Reformed
93,,2,If it's bad beer how does it have the highest beer dales in America?,tui4xt,i35c81i,,,1648931624.0,Reformed
94,,1,"Can't trust micro breweries, too inconsistent in quality. Anheuser-Busch has perfected their techniques",tui4xt,i35cd6j,,,1648931692.0,Reformed
95,,1,Really? I have not encountered,tui4xt,i35epcg,,,1648932787.0,Reformed
96,,1,<3,tui4xt,i35ik6h,,,1648934619.0,Reformed
97,,22,Dare u to move,tui4xt,i33usov,,,1648906804.0,Reformed
98,,6,I'm just a humble Five Iron Frenzy fan.,tui4xt,i345a9i,,,1648911918.0,Reformed
99,,1,"It's cheap.

Why is Wonderbread so popular? It's not because it's good.",tui4xt,i35dnum,,,1648932296.0,Reformed
100,,1,"Hey, I didn't say *every* micro was any good.",tui4xt,i35fyut,,,1648933385.0,Reformed
101,,2,It‚Äôs not super common but any Christian group has them,tui4xt,i35hvh9,,,1648934293.0,Reformed
102,,2,"My real opinion of both of them is probably more incendiary:

I really couldn't care less about either of them.

:-)",tui4xt,i3404bm,,,1648909477.0,Reformed
103,,2,Now we're talking.,tui4xt,i34n3o5,,,1648919832.0,Reformed
104,,1,"Love that band, every single time there's a change of plans I sing ""Welcome to Plan B"" and it annoys almost everyone.",tui4xt,i34ibh7,,,1648917789.0,Reformed
105,,1,Family Force 5,tui4xt,i353q01,,,1648927550.0,Reformed
106,,1,"I never see wonder bread at the store, i couldn't tell you what it tastes like.  More often I see nature's own, Sarah Lee or bunny bread.  All of which are awesome. Cheap doesn't mean bad. The cheapest bread of all is the $1 fresh French loaves at Walmart. Cheaper still would be home.made bread just flour, water, yeast and a pinch of salt.",tui4xt,i35ehah,,,1648932679.0,Reformed
107,,1,"Besides our flairs, if you see anything else amiss and still TGC related on the subs banner, sidebar, rules, etc, let us know here so we can take a look at it. Thanks again for a fun Friday guys!",tu93ou,i32g64c,,,1648869659.0,Reformed
108,,25,"Best April Fool‚Äôs Day ever!

Seriously, it was nice to think back to my Bible college days and be thankful that I don‚Äôt question my commitment to Christ over slight disagreement with the celebrity pastors anymore.",tu93ou,i32her4,,,1648870358.0,Reformed
109,,23,It's just one of the many things I like about this sub. My family in Christ knows how to have fun. ‚ù§,tu93ou,i32gl9e,,,1648869896.0,Reformed
110,,12,"Hahahaha, u got me for good guys, props to u for executing the plan so smoothly",tu93ou,i32k08y,,,1648871862.0,Reformed
111,,9,"lol I didn't know what to comment, that was a great prank.",tu93ou,i32oax3,,,1648874541.0,Reformed
112,,9,I was wondering what on earth was going on! I take a break from Reddit and come back and see this going on. Then I remembered what day it was haha!,tu93ou,i32pbbt,,,1648875218.0,Reformed
113,,9,Literally heretical‚Ñ¢.,tu93ou,i32siqd,,,1648877435.0,Reformed
114,,8,"For what it's worth, I thought this was a pretty funny event! It's a little curious (I don't say this in a bad way) seeing some of the anxiety that has sprung up from it though.

I can understand there being a fear that maybe something could feasibly happen to the sub where it becomes not as good as it used to or even has some major failing in leadership. But something like that would probably require a long sort of decay. It's a *little* uncharitable to the mods to take at face value that they would actually sell out with no warning all at once on today of all days. But maybe these feelings speak more to just how important online communities have become nowadays. Perhaps it's best that we breathe a sigh of relief and thank God we have pretty normal and good mods who wouldn't actually do anything so off the wall. :)

I saw the event as the sub putting on some clown makeup and a red rubber nose and then acting out someone else for the day. I didn't think the joke was opaque, but maybe I am missing some perspective. I actually very much dislike most comedians nowadays, and the ones I like still have problems with them to the point where I know it's not great to consume their material. This was very modest in comparison, literally just posting normal articles we might usually see on the sub. I thought it was funny, but I can see why it might be a miss for some people.",tu93ou,i330pri,,,1648883964.0,Reformed
115,,9,"Why did no one mention the random plastic spoons being thrown at the globe in the video?

I thought that was hilarious and the first obvious giveaway.",tu93ou,i33ni20,,,1648902601.0,Reformed
116,,27,"I would like to thank auto-mod too, you did a great job.

Also, in light of this decision I‚Äôm back to confused but definitely not triple determinism",tu93ou,i32g39a,,,1648869616.0,Reformed
117,,8,I genuinely believed it was real (I also didn't remember it was April 1st). Incredible job.,tu93ou,i34237n,,,1648910419.0,Reformed
118,,32,...so no gospel-centered Marxism? shucks...,tu93ou,i32g5as,,,1648869646.0,Reformed
119,,8,It was funny... Very funny.,tu93ou,i33ayxr,,,1648893067.0,Reformed
120,,7,TIL I've been mentally saying sigh-ro-flexo and terEEvos number 2 incorrectly in my head,tu93ou,i33c21t,,,1648894024.0,Reformed
121,,7,"The whole day was good. I had a moment in the morning while I was making my coffee and thought ""this makes no sense; I guess I'll just have to talk to my irl friends if I want to argue about baptism."" Then I thought ""what will I do to prank my son today?"" And it dawned on me. 

I hope that anyone who saw it knows that I think it's fine women write articles on tgc and wear jewelry and makeup.",tu93ou,i33wudr,,,1648907857.0,Reformed
122,,6,"lol that was good, when I started reading the post from yesterday I was confused but excited then once I finished the first paragraph I realised it's definitely a prank. You really had me though",tu93ou,i33k2ov,,,1648900337.0,Reformed
123,,16,Also special shout out to u/22duckys for being such a champ today with some amazing added twists to our TGC takeover!,tu93ou,i32gznh,,,1648870122.0,Reformed
124,,14,"Honest question: is the TGC frowned upon on this sub? 
I have just recently started reading from this sub, hence my failure to read between the lines and grasp the _meta_ of the joke.

 I could not identify if the joke was on the TGC or on people who portray the TGC as a ____-biased platform (insert political spectrum here).

For example, I read the ""gospel-centred marxism"" subtitle and could not figure out if this was mocking TGCs perceived/alleged/underlying Marxist agenda or _people_ who portray the TGC as being marxist.

Thanks!",tu93ou,i32ofzj,,,1648874635.0,Reformed
125,,26,I guess I‚Äôm one of those few sub users that thought the TGC partnership was real üôà,tu93ou,i32kd21,,,1648872075.0,Reformed
126,,5,"Being an old-reddit-mobile-webpage Luddite , I've only just now realized there were videos to go along with these posts, and they are hilarious",tu93ou,i33tedk,,,1648906057.0,Reformed
127,,3,"I was genuinely concerned at first, but at some point I begun to tell that this was all a big April fool's joke lol. Great job.",tu93ou,i34n726,,,1648919872.0,Reformed
128,,9,"I‚Äôm glad it‚Äôs over. It was fun for a while, but it went on waaaaaaay too long.",tu93ou,i32gyo7,,,1648870106.0,Reformed
129,,2,I was super confused!,tu93ou,i32ykzg,,,1648882163.0,Reformed
130,,3,"At first I was going to you, then I realized it was April 1st",tu93ou,i33f40f,,,1648896587.0,Reformed
131,,5,">And for those of you who were genuinely upset with us for having a little fun on April fools Day, go home and relax. It‚Äôs the weekend. It‚Äôll be okay.

The vulgarly-called Fools days, having no warrant in the word of God, are not to be continued.

God in Scripture gives no command to celebrate an annual fools day.

All of the fools days of the ceremonial law were ordained by God and have been abrogated by him in Christ (Col. 2:16-17).

Scripture warns of reddit obligations, including fools days, appointed of men's own devising (Exod. 32:5-6, 1 Kings 12:32-33, Mark 7:5-13, Col. 2:20-23).",tu93ou,i33qi01,,,1648904430.0,Reformed
132,,4,"I'm not sure I got the joke, but I'm glad everyone had fun!",tu93ou,i32mji0,,,1648873406.0,Reformed
133,,1,"I'll expose myself and admit I bit on the joke. I'm not a big fan of April Fool's day so it was no surprise that y'all got me.

However, I was genuinely upset because I thought the mods ""sold"" the sub (although looking back, it made zero sense lol). Now I can relax and laugh a little.",tu93ou,i34mrj9,,,1648919686.0,Reformed
134,,1,What's the tgc? I've never heard of it.,tu93ou,i33kyf6,,,1648900941.0,Reformed
135,,1,"that was fantastic, everyone, though I'm gonna have PTSD for a while :)",tu93ou,i35na9k,,,1648936874.0,Reformed
136,,-17,"Honestly it bothered me the whole day. I am not cool with it. 

Although at the back of my mind I was aware it had to be an April Fool's Day joke, I was uncomfortable with the fact that the untruths were carried forth as truths.

I wouldn't care less for any other sub, but this sub is literally the final bastion for independent reformed christians and it means alot to me. To prank on the basis that it has sold out..... really hurt. 

Need some time to process.",tu93ou,i32uiqt,,,1648878907.0,Reformed
137,,3,"Oh man, I didn't even notice the sidebar and rules! Are they archived somewhere?",tu93ou,i33mtvr,,,1648902174.0,Reformed
138,,2,Triple determinism?,tu93ou,i33my1m,,,1648902250.0,Reformed
139,,3,"Oh don't worry: there will still be plenty of that. 

And u/22duckys calling your pastor a racist every week will probably stay, too.",tu93ou,i344wo1,,,1648911746.0,Reformed
140,,6,For a while I thought his name was CiceroFlexo,tu93ou,i33ndby,,,1648902515.0,Reformed
141,,4,Yeah. You have to include 'number 2'. Can't just say 'two'.,tu93ou,i33nmlt,,,1648902683.0,Reformed
142,,2,Wait - what did I miss? How did you learn to say them?,tu93ou,i33w889,,,1648907542.0,Reformed
143,,21,"A teeny part of me wanted to go ‚ÄúOh, you guys were joking? Anyways, here‚Äôs the first DuckPress‚Äù tomorrow morning.

Maybe I should start a blog‚Ä¶",tu93ou,i32mz2s,,,1648873683.0,Reformed
144,,15,"The joke, as I understand it after two years on this sub, is that we tend to love TGC for good reasons but maybe at the expense of other, lesser-known sources that should also be considered. It‚Äôs too easy to just share a new TGC post every day. It‚Äôs also possible we don‚Äôt look at them as critically as we might other sources. On the other hand, there are some who seem to really not like it and might accuse it of being politically liberal because some of their contributors will challenge various political ideas held by some conservatives in the US.",tu93ou,i32q36h,,,1648875740.0,Reformed
145,,9,"> I read the ""gospel-centred marxism"" subtitle and could not figure out if this was mocking TGCs perceived/alleged underlying Marxist agenda or people who portray the TGC as being marxist.

If you ever stumble upon a decoder ring for this predicament, let me know.

(*But really - TGC is mostly viewed as a mixed bag because they just. post. so. much. content. - and the quality can vary widely -  alongside the cultural/political subtext that is perceived/actual*

*People post legit TGC stuff all the time, you just need to take each article on a case-by-case basis*)",tu93ou,i32pmfl,,,1648875428.0,Reformed
146,,7,The latter.,tu93ou,i32z1da,,,1648882542.0,Reformed
147,,2,"Thanks for asking this, this was exactly my question halfway through yesterday.",tu93ou,i357ae6,,,1648929289.0,Reformed
148,,24,Yeah I almost left the sub üòÇ,tu93ou,i32qhox,,,1648876011.0,Reformed
149,,1,Me too,tu93ou,i32w5lq,,,1648880194.0,Reformed
150,,-1,I realised after I commented negatively and got a reply that was rude and dismissive. Not funny. Rude and dismissive. I take offence to now being told I should ‚Äúrelax‚Äù.,tu93ou,i33gg8u,,,1648897655.0,Reformed
151,,2,Lol did it not show up in old Reddit the same way?? I‚Äôm a nuReddit guy,tu93ou,i33w1fk,,,1648907445.0,Reformed
152,,2,"I didn‚Äôt see videos either. Even when there are video links I rarely click on them. I don‚Äôt comment, but I‚Äôm definitely in the club of if you share a video link you‚Äôve got to tell me why I should bother to click.",tu93ou,i34xrnq,,,1648924560.0,Reformed
153,,35,"-Joshua, as he finally led the Israelites into the promised land",tu93ou,i32jttp,,,1648871756.0,Reformed
154,,4,Haha freedom in Christ goes brrrrrrr,tu93ou,i34icph,,,1648917803.0,Reformed
155,,2,The Gospel Coalition,tu93ou,i33o3r1,,,1648902980.0,Reformed
156,,32,">this sub is literally the final bastion for independent reformed christians

Buddy this sub is a bunch of anonymous strangers on a message board. It isn't a bastion of anything. Look to the church, not a subreddit. Man alive.",tu93ou,i32yzhq,,,1648882497.0,Reformed
157,,17,"I‚Äôm sorry, Is it bad that I can‚Äôt tell if your comment is joking?",tu93ou,i32v1yg,,,1648879321.0,Reformed
158,,14,"> this sub is literally the final bastion for independent reformed christians and it means alot to me.

I mean, the advice and content and jokes on this sub mean a lot to me too, but that sentence is clearly ridiculous. There are dozens of reformed denominations and seminaries and thousands of reformed churches out there. This sub doesn't provide any theological purity or insight that can't be found elsewhere. And it certainly doesn't provide the friendship and love and accountability and opportunity for growth that the Church provides.",tu93ou,i33efeu,,,1648896025.0,Reformed
159,,7,"""this sub is literally the final bastion for independent reformed christians""

How can it be, there are so many baptists here? 

Ok, that was a joke, but this isn't: what is an ""independent reformed Christian?"" Christians are, Essen by definition, not independent. We are very much dependent on each other.",tu93ou,i33w1m4,,,1648907448.0,Reformed
160,,4,"Aw man, I should have screenshot them. It was subtle changes like ‚ÄúMissional Living Monday‚Äù instead of ‚ÄúMissions Monday‚Äù and ‚ÄúNDQT‚Äù was then ‚ÄúAsk TGC Writers Anything‚Äù. 

The rules were just an added rule at the end that was ‚ÄúKeep Content TGC‚Äù. 

There were a few other changes, added a half sentence into the About, added a TGC link in the resources section on the sidebar, etc.",tu93ou,i33n6cp,,,1648902393.0,Reformed
161,,7,Took me a while to realize it isn't JC Mathletes,tu93ou,i33sxum,,,1648905810.0,Reformed
162,,5,"[The video in the post](https://reddit.com/link/tu93ou/video/8heb32ps81r81/player)

I was really wanting to know how to say doctor casey nighnen correctly though.",tu93ou,i33wzxc,,,1648907936.0,Reformed
163,,14,TIL some people think TGC is liberal!,tu93ou,i3325y0,,,1648885211.0,Reformed
164,,9,I'm from the UK and TGC seems more conservative than the really conservative people here so that seems strange that people think of TGC as liberal,tu93ou,i33kav7,,,1648900492.0,Reformed
165,,5,Thanks for your comment. Much appreciated!,tu93ou,i32qdxe,,,1648875941.0,Reformed
166,,8,">  On the other hand, there are some who seem to really not like it and might accuse it of being politically liberal

Others criticize it because it has platformed some pastors who have done and said some pretty awful things, without really coming to terms with that.",tu93ou,i33dvoy,,,1648895568.0,Reformed
167,,7,"It was the latter, at least in my moderator view haha. Also just teasing TGC as a whole for being this massive organization that produces so much content that some is great and some is commentary on a Disney movie.. haha",tu93ou,i33mmt2,,,1648902050.0,Reformed
168,,5,Thanks for your comment! Much appreciated.,tu93ou,i32q9ql,,,1648875862.0,Reformed
169,,1,You are welcome!,tu93ou,i357r9k,,,1648929514.0,Reformed
170,,-11,"I would have, if not for today's clarification. For sure.

Btw I have nothing against TGC (have the app on my phone).

But selling out, for reward, to a new partner for their content to be platformed here exclusively... stumbled me greatly the whole day and confirmed that every man does indeed have a price. Except the Lord Jesus Christ who alone resisted the world. Perhaps it was the Lord's way of telling me never to trust in man, not even the moderators of r/reformed.

I do not know if yesterday's can easily be dismissed as harmless fun. Is harmless fun always harmless? For people such as myself (who are not into prank culture)?",tu93ou,i32vo4j,,,1648879801.0,Reformed
171,,2,"One way to look at it is to learn to take ourselves less seriously. It was a joke, they got you, time to laugh it off and enjoy the day.",tu93ou,i34spmc,,,1648922237.0,Reformed
172,,3,"Nope, even if you click the link it says ""page not found""",tu93ou,i33y4vh,,,1648908500.0,Reformed
173,,10,Solid,tu93ou,i32mgyc,,,1648873362.0,Reformed
174,,3,"From here on out, it's gonna be smoooooooth sailing.",tu93ou,i35gn0e,,,1648933702.0,Reformed
175,,-7,I mean every single word. Not joking.,tu93ou,i32vq47,,,1648879845.0,Reformed
176,,6,I wish every postmil that's ever called me pessimistic about the church could see this thread,tu93ou,i33rxjr,,,1648905248.0,Reformed
177,,2,"Ahh, too bad I missed it.

Now that it's done, what did you guys use to make the video? Did your link to an AI post yesterday mean it's a deepfake/text-to-video thing? I could see having a lot of fun with this, hah!",tu93ou,i33qy6g,,,1648904691.0,Reformed
178,,9,"Dude, same. I still think it sometimes",tu93ou,i344lt4,,,1648911606.0,Reformed
179,,5,I first though he was good with math. He's not.,tu93ou,i344pr9,,,1648911657.0,Reformed
180,,3,"Wow, that's the first time I've seen a human face look like it's delivering text to speech, and it's really good.  Not flawless, but really good.",tu93ou,i34pgnb,,,1648920834.0,Reformed
181,,8,"Yeah, that was my reaction too... I often see their articles go by and feel that it's un-self-aware American Conservatism. I suppose there is probably a spectrum of contributors, though.",tu93ou,i33nm2s,,,1648902673.0,Reformed
182,,3,"Weird, I know, but that seems to be the joke the sub was making. Maybe because they have articles by people like Thabiti Anyabwile who will make arguments for things like racial reparations, which can make some conservatives angry or suspicious. (I‚Äôm conservative and really appreciate Thabiti‚Äôs voice. Also, Thabiti isn‚Äôt liberal‚Ä¶)",tu93ou,i34o5sh,,,1648920281.0,Reformed
183,,2,Idem from a Canadian point of view.,tu93ou,i33nqsz,,,1648902757.0,Reformed
184,,1,"I‚Äôve been to the UK a few times and have some UK friends who I think are on the conservative end of things over there, but we don‚Äôt talk much about politics, so I don‚Äôt really know what characterizes UK conservatism.",tu93ou,i34ol6s,,,1648920461.0,Reformed
185,,2,"I don‚Äôt know the history of that, except for that post yesterday referencing Doug Wilson from 10-ish years ago.",tu93ou,i34oryy,,,1648920541.0,Reformed
186,,2,Thanks for providing your take on the situation. Much appreciated!,tu93ou,i33sl12,,,1648905614.0,Reformed
187,,20,">But selling out, for reward, to a new partner for their content to be platformed here exclusively... stumbled me greatly the whole day and confirmed that every man does indeed have a price.

Buddy if a subreddit getting a sponsor made you think that every man has a price and caused you to stumble for a whole day, you should probably delete your account and get some fresh air.

>Perhaps it was the Lord's way of telling me never to trust in man, not even the moderators of r/reformed.

I really hope this is more April Fools content",tu93ou,i32yq6r,,,1648882283.0,Reformed
188,,-1,"You didn‚Äôt see the comment made directly at me, it was rude and offensive, end of story.

ETA you are being rude too, I don‚Äôt take myself seriously, I‚Äôm not bothered at briefly being caught out my a ‚Äújoke‚Äù. It didn‚Äôt affect my day, other than the filling up of my news stream by spurious posts being mildly irritating.",tu93ou,i34winu,,,1648923972.0,Reformed
189,,18,"Regarding the ‚Äúuntruths‚Äù part, I think pranking on April Fools is fine because the ill intent of deception isn‚Äôt there. Like if you‚Äôre playing a card game where you have to bluff it‚Äôs not deception, it‚Äôs just a game. Or if you‚Äôre planning a surprise party and the birthday person asks you what you‚Äôre doing later you can‚Äôt tell them ‚Äúoh we‚Äôre throwing you a surprise party‚Äù. Context does matter. I‚Äôm sorry it bothered you though",tu93ou,i32wuvt,,,1648880762.0,Reformed
190,,2,"You‚Äôll have to ask u/BishopofReddit that haha, he had a lot of fun making those videos. Like, _a lot of fun_. But it was indeed AI lol",tu93ou,i33sf9i,,,1648905525.0,Reformed
191,,4,I've said it out loud like once and that's how I said it,tu93ou,i345y13,,,1648912217.0,Reformed
192,,1,Have you started Greek yet? That might help,tu93ou,i35gbcs,,,1648933550.0,Reformed
193,,9,Hey! I made that distinction here a few weeks ago! I‚Äôm really excited that someone else thought the same thing.,tu93ou,i33ogoe,,,1648903202.0,Reformed
194,,-8,"This is literally the first time I ever have heard (other than from unbelievers) that knowingly saying something untrue without an ""ill intent of deception"" is ok. Any proof text? 

Disagree on the card analogy.",tu93ou,i32xoib,,,1648881426.0,Reformed
195,,16,"This is literally the first time you're hearing this? Do you believe every work of fiction to be sinful? If I tell you that 6 is afraid of 7 because seven ate nine, am I committing a grave wrong, because six does not, in fact, have emotions such as fear?",tu93ou,i32ywi2,,,1648882429.0,Reformed
196,,14,Are Christ‚Äôs parables deception?,tu93ou,i32xsk6,,,1648881516.0,Reformed
197,,11,"Also remember the time, 0 said to 8 ‚Äònice belt‚Äô?",tu93ou,i33i71t,,,1648898995.0,Reformed
198,,5,I dunno sounds like something Ben Shapiro would say unironically,tu93ou,i33rvow,,,1648905220.0,Reformed
199,,-3,"Categorisation error. Not the same comparable. 

Were the moderators yesterday trying to establish a learning parable or teach a spiritual lesson through an analogous story?",tu93ou,i32xy27,,,1648881643.0,Reformed
200,,14,"Clearly I wasn‚Äôt making the point that April fools jokes, card games, or surprise parties are equivalent to parables in every way. It‚Äôs that deception stems from the speaker not the hearer. Context determines weather or not something is deception. Example being Christ‚Äôs intent to convey a theological or moral truth by telling a story. If you‚Äôre going to read my reply in the way you did then any ‚Äúproof text‚Äù I could give, you could respond with ‚Äúwell that isn‚Äôt talking about April Fools‚Äù, which would be missing the point.

You asked for a proof text where 

> knowingly saying something untrue without an ‚Äúill intent is deception‚Äù is ok.

In Christ‚Äôs parable a sower didn‚Äôt literally sow seeds on four different soils. At least not necessarily. If someone in the audience didn‚Äôt understand what a parable was and thought He was literally recalling an event that had happened it wouldn‚Äôt all of a sudden make Jesus a liar. Deception depends on context and intent of the speaker.",tu93ou,i32z5w3,,,1648882649.0,Reformed
201,,0,"Would disagree again with you, brother.   
I will message you separately to continue the discussion (if you are interested in following up). 

By the way, to the rest of the sub, my apologies for being a wet blanket. I just want to express how I felt about yesterday's thing. I do not intend to bind anyone's conscience to my way of thinking.",tu93ou,i32zyrf,,,1648883327.0,Reformed
202,,4,"Moby, I just wanna say I loved your Catholic persona yesterday",tu7g7d,i33mua7,,,1648902181.0,Reformed
203,,2,"I'm definitely in awe. Thank you so much for blessing me with this excellent, high quality article.",tu7g7d,i32euzm,,,1648868939.0,Reformed
204,,11,I'm predestined and I choose to believe it.,tu2lx9,i31lba7,,,1648853869.0,Reformed
205,,2,What's the difference?,tu2lx9,i322cld,,,1648862379.0,Reformed
206,,2,Thanks for the reminder! I‚Äôm in the same camp as choosing triple determinism,tu2lx9,i327h2u,,,1648865002.0,Reformed
207,,-4,Because few people can't do so without getting hysterical and refusing to accept the facts about racial differences?,tu0gi5,i320yee,,,1648861663.0,Reformed
208,,2,Which are?,tu0gi5,i328crf,,,1648865461.0,Reformed
209,,2,"Interesting. What are said ""racial differences""",tu0gi5,i32epr1,,,1648868859.0,Reformed
210,,-6,"Differences in IQ and crime rates seem to be the most triggering. People can disagree about why those differences exist, but that they do is undeniable. The fact that I got a downvote for just saying what I did, and you got an upvote for asking a leading question (maybe thinking I would be afraid to reply), just proves my point.",tu0gi5,i33ct3z,,,1648894668.0,Reformed
211,,5,"The reason you got that is because you seem to be implying that these traits are inherent rather than brought about by material conditions. No one cares if you point out these statistical facts if you're also interested in solving it. But those who engage in ""race realist"" discourse are almost never interested in resolving societal issues.",tu0gi5,i33ea7a,,,1648895901.0,Reformed
